<annotation>
	<folder></folder>
	<filename>3dprintfail_exported_9000_jpg.rf.8e7fa3ea572ae3b1bd312c71e55be849.jpg</filename>
	<path>3dprintfail_exported_9000_jpg.rf.8e7fa3ea572ae3b1bd312c71e55be849.jpg</path>
	<source>
		<database>roboflow.com</database>
	</source>
	<size>
		<width>224</width>
		<height>224</height>
		<depth>3</depth>
	</size>
	<segmented>0</segmented>
	<object>
		<name>spegetti</name>
		<pose>Unspecified</pose>
		<truncated>0</truncated>
		<difficult>0</difficult>
		<occluded>0</occluded>
		<bndbox>
			<xmin>105</xmin>
			<xmax>162</xmax>
			<ymin>178</ymin>
			<ymax>202</ymax>
		</bndbox>
	</object>
	<object>
		<name>spegetti</name>
		<pose>Unspecified</pose>
		<truncated>0</truncated>
		<difficult>0</difficult>
		<occluded>0</occluded>
		<bndbox>
			<xmin>167</xmin>
			<xmax>176</xmax>
			<ymin>107</ymin>
			<ymax>129</ymax>
		</bndbox>
	</object>
	<object>
		<name>spegetti</name>
		<pose>Unspecified</pose>
		<truncated>0</truncated>
		<difficult>0</difficult>
		<occluded>0</occluded>
		<bndbox>
			<xmin>88</xmin>
			<xmax>98</xmax>
			<ymin>132</ymin>
			<ymax>141</ymax>
		</bndbox>
	</object>
</annotation>
