<annotation>
	<folder></folder>
	<filename>3dprintfail_exported_8400_jpg.rf.e6f19f9e7e7b9acad481385cf657df10.jpg</filename>
	<path>3dprintfail_exported_8400_jpg.rf.e6f19f9e7e7b9acad481385cf657df10.jpg</path>
	<source>
		<database>roboflow.com</database>
	</source>
	<size>
		<width>224</width>
		<height>224</height>
		<depth>3</depth>
	</size>
	<segmented>0</segmented>
	<object>
		<name>spegetti</name>
		<pose>Unspecified</pose>
		<truncated>0</truncated>
		<difficult>0</difficult>
		<occluded>0</occluded>
		<bndbox>
			<xmin>117</xmin>
			<xmax>137</xmax>
			<ymin>150</ymin>
			<ymax>168</ymax>
		</bndbox>
	</object>
	<object>
		<name>spegetti</name>
		<pose>Unspecified</pose>
		<truncated>0</truncated>
		<difficult>0</difficult>
		<occluded>0</occluded>
		<bndbox>
			<xmin>84</xmin>
			<xmax>94</xmax>
			<ymin>114</ymin>
			<ymax>134</ymax>
		</bndbox>
	</object>
	<object>
		<name>spegetti</name>
		<pose>Unspecified</pose>
		<truncated>0</truncated>
		<difficult>0</difficult>
		<occluded>0</occluded>
		<bndbox>
			<xmin>162</xmin>
			<xmax>170</xmax>
			<ymin>107</ymin>
			<ymax>119</ymax>
		</bndbox>
	</object>
</annotation>
