<annotation>
	<folder></folder>
	<filename>3dprintfail_exported_15880_jpg.rf.24d6ad62740f5806c0298a8eb033dbfc.jpg</filename>
	<path>3dprintfail_exported_15880_jpg.rf.24d6ad62740f5806c0298a8eb033dbfc.jpg</path>
	<source>
		<database>roboflow.com</database>
	</source>
	<size>
		<width>224</width>
		<height>224</height>
		<depth>3</depth>
	</size>
	<segmented>0</segmented>
	<object>
		<name>spegetti</name>
		<pose>Unspecified</pose>
		<truncated>0</truncated>
		<difficult>0</difficult>
		<occluded>0</occluded>
		<bndbox>
			<xmin>86</xmin>
			<xmax>119</xmax>
			<ymin>129</ymin>
			<ymax>170</ymax>
		</bndbox>
	</object>
	<object>
		<name>spegetti</name>
		<pose>Unspecified</pose>
		<truncated>0</truncated>
		<difficult>0</difficult>
		<occluded>0</occluded>
		<bndbox>
			<xmin>151</xmin>
			<xmax>175</xmax>
			<ymin>117</ymin>
			<ymax>184</ymax>
		</bndbox>
	</object>
</annotation>
