<annotation>
	<folder></folder>
	<filename>3dprintfail_exported_12160_jpg.rf.92a438ceadfedbaa5691e808ffd52968.jpg</filename>
	<path>3dprintfail_exported_12160_jpg.rf.92a438ceadfedbaa5691e808ffd52968.jpg</path>
	<source>
		<database>roboflow.com</database>
	</source>
	<size>
		<width>224</width>
		<height>224</height>
		<depth>3</depth>
	</size>
	<segmented>0</segmented>
	<object>
		<name>spegetti</name>
		<pose>Unspecified</pose>
		<truncated>0</truncated>
		<difficult>0</difficult>
		<occluded>0</occluded>
		<bndbox>
			<xmin>33</xmin>
			<xmax>78</xmax>
			<ymin>191</ymin>
			<ymax>207</ymax>
		</bndbox>
	</object>
	<object>
		<name>spegetti</name>
		<pose>Unspecified</pose>
		<truncated>0</truncated>
		<difficult>0</difficult>
		<occluded>0</occluded>
		<bndbox>
			<xmin>34</xmin>
			<xmax>57</xmax>
			<ymin>93</ymin>
			<ymax>138</ymax>
		</bndbox>
	</object>
	<object>
		<name>spegetti</name>
		<pose>Unspecified</pose>
		<truncated>0</truncated>
		<difficult>0</difficult>
		<occluded>0</occluded>
		<bndbox>
			<xmin>58</xmin>
			<xmax>96</xmax>
			<ymin>143</ymin>
			<ymax>170</ymax>
		</bndbox>
	</object>
</annotation>
